Aromas,,
Acacia,,
Almond,,
Anise,,
Apple,,
Apricot,,
Ashes,,
Banana,,
Bergamot,,
Biscuit,,
Blackberry,,
Cassis,,
Blueberry,,
Bread,,
Brioche,,
Butter,,
Caramel,,
Cardamom,,
Cedar,,
Chalk,,
Cherry,,
Chili,,
Chocolate,,
Cinnamon,,
Clove,,
Cocoa,,
Coconut,,
Coffee,,
Eucalyptus,,
Fennel,,
Fern,,
Fig,,
Flint,,
Fur,,
Gooseberry,,
Grapefruit,,
Grass,,
Hawthorn,,
Hay,,
Hazelnut,,
Honey,,
Honeysuckle,,
Iodine,,
Iris,,
Jam,,
Juniper,,
Kerosene,,
Kirsch,,
Kiwi,,
Leather,,
Lemon,,
Lily,,
Lime,,
Tea,,
Liquorice,,
Lychee,,
Mandarine,,
Mango,,
Melon,,
Meringue,,
Mint,,
Moss,,
Nutmeg,,
Oak,,
Olive,,
Orange,,
Passion,,
Peach,,
Pear,,
Peony,,
Pepper,,
Pine,,
Pineapple,,
Plum,,
Pomegranate,,
Prune,,
Quince,,
Raisin,,
Raspberry,,
Redcurrant,,
Rose,,
Sandalwood,,
Scrubland,,
Smoke,,
Spices,,
Strawberry,,
Tar,,
Tobacco,,
Truffle,,
Vanilla,,
Violet,,
Walnut,,
Wax,,
Bell,,